insert into public.had_episodes (
  id,
  patient_id,
  reference,
  episode_type,
  status,
  origin,
  risk_level,
  hospital_reference,
  specialist_profile_id,
  coordinator_profile_id,
  primary_nurse_profile_id,
  originating_hospital,
  originating_service,
  diagnosis_summary,
  admission_reason,
  inclusion_notes,
  exclusion_notes,
  consent_confirmed,
  home_ready,
  caregiver_required,
  caregiver_available,
  start_at,
  target_end_at,
  escalated_at,
  escalation_reason,
  created_by
)
values
  (
    '90000000-0000-0000-0000-000000000001',
    '11111111-1111-1111-1111-111111111111',
    'HAD-OPAT-001',
    'opat',
    'active',
    'step_down',
    'high',
    'SP-OPAT-24017',
    null,
    (select id from public.profiles where role = 'coordinator' order by created_at, id limit 1),
    (select id from public.profiles where role = 'nurse' order by created_at, id limit 1),
    'Cliniques Saint-Pierre',
    'Infectiologie',
    'Cellulite jambe droite sous ceftriaxone IV quotidienne.',
    'Sortie anticipée sécurisée avec OPAT, surveillance température, douleur et point de ponction.',
    'Patient autonome, smartphone disponible, adhésion forte au protocole.',
    null,
    true,
    true,
    false,
    null,
    '2026-03-06T13:30:00+01:00',
    '2026-03-10T12:00:00+01:00',
    null,
    null,
    (select id from public.profiles where role = 'coordinator' order by created_at, id limit 1)
  ),
  (
    '90000000-0000-0000-0000-000000000002',
    '22222222-2222-2222-2222-222222222222',
    'HAD-HF-002',
    'heart_failure_virtual_ward',
    'escalated',
    'ed_avoidance',
    'critical',
    'ERA-HF-8831',
    null,
    (select id from public.profiles where role = 'coordinator' order by created_at, id limit 1),
    (select id from public.profiles where role = 'nurse' order by created_at, id limit 1),
    'Hôpital Erasme',
    'Cardiologie',
    'Décompensation cardiaque légère avec ajustement diurétique à domicile.',
    'Éviter réhospitalisation, télésurveillance poids/SpO₂ et revue quotidienne rapprochée.',
    'Patient et aidant capables de suivre les consignes de pesée et d’alerte.',
    null,
    true,
    true,
    true,
    true,
    '2026-03-06T09:45:00+01:00',
    '2026-03-12T12:00:00+01:00',
    '2026-03-07T06:55:00+01:00',
    'Prise de poids de 2,1 kg/24 h et dyspnée à l’effort signalée au réveil.',
    (select id from public.profiles where role = 'coordinator' order by created_at, id limit 1)
  ),
  (
    '90000000-0000-0000-0000-000000000003',
    '44444444-4444-4444-4444-444444444444',
    'HAD-POST-003',
    'post_acute_virtual_ward',
    'planned',
    'step_down',
    'moderate',
    'CHU-ORTHO-1204',
    null,
    (select id from public.profiles where role = 'coordinator' order by created_at, id limit 1),
    (select id from public.profiles where role = 'nurse' order by created_at, id limit 1),
    'CHU Brugmann',
    'Orthopédie',
    'Retour à domicile post-prothèse de hanche avec éducation mobilisation.',
    'Sécuriser la sortie, coordonner le matériel et organiser la première visite infirmière.',
    'Appartement accessible, patient motivé, besoin de matériel avant activation complète.',
    null,
    true,
    false,
    false,
    null,
    '2026-03-07T14:00:00+01:00',
    '2026-03-14T10:00:00+01:00',
    null,
    null,
    (select id from public.profiles where role = 'coordinator' order by created_at, id limit 1)
  )
on conflict (id) do update
set
  patient_id = excluded.patient_id,
  reference = excluded.reference,
  episode_type = excluded.episode_type,
  status = excluded.status,
  origin = excluded.origin,
  risk_level = excluded.risk_level,
  hospital_reference = excluded.hospital_reference,
  specialist_profile_id = excluded.specialist_profile_id,
  coordinator_profile_id = excluded.coordinator_profile_id,
  primary_nurse_profile_id = excluded.primary_nurse_profile_id,
  originating_hospital = excluded.originating_hospital,
  originating_service = excluded.originating_service,
  diagnosis_summary = excluded.diagnosis_summary,
  admission_reason = excluded.admission_reason,
  inclusion_notes = excluded.inclusion_notes,
  exclusion_notes = excluded.exclusion_notes,
  consent_confirmed = excluded.consent_confirmed,
  home_ready = excluded.home_ready,
  caregiver_required = excluded.caregiver_required,
  caregiver_available = excluded.caregiver_available,
  start_at = excluded.start_at,
  target_end_at = excluded.target_end_at,
  escalated_at = excluded.escalated_at,
  escalation_reason = excluded.escalation_reason,
  created_by = excluded.created_by,
  updated_at = timezone('utc', now());

insert into public.had_episode_team_members (
  id,
  episode_id,
  profile_id,
  role,
  external_name,
  external_phone,
  external_email,
  is_primary,
  receives_alerts
)
values
  (
    '91000000-0000-0000-0000-000000000001',
    '90000000-0000-0000-0000-000000000001',
    (select id from public.profiles where role = 'coordinator' order by created_at, id limit 1),
    'coordinator',
    'Coordinateur HAD Bruxelles',
    null,
    null,
    true,
    true
  ),
  (
    '91000000-0000-0000-0000-000000000002',
    '90000000-0000-0000-0000-000000000001',
    (select id from public.profiles where role = 'nurse' order by created_at, id limit 1),
    'nurse',
    'Infirmier référent OPAT',
    null,
    null,
    true,
    true
  ),
  (
    '91000000-0000-0000-0000-000000000003',
    '90000000-0000-0000-0000-000000000001',
    null,
    'gp',
    'Dr. Van den Berg',
    '+32 2 123 45 67',
    null,
    false,
    true
  ),
  (
    '91000000-0000-0000-0000-000000000004',
    '90000000-0000-0000-0000-000000000002',
    (select id from public.profiles where role = 'coordinator' order by created_at, id limit 1),
    'coordinator',
    'Coordinateur HAD Bruxelles',
    null,
    null,
    true,
    true
  ),
  (
    '91000000-0000-0000-0000-000000000005',
    '90000000-0000-0000-0000-000000000002',
    (select id from public.profiles where role = 'nurse' order by created_at, id limit 1),
    'nurse',
    'Infirmier insuffisance cardiaque',
    null,
    null,
    true,
    true
  ),
  (
    '91000000-0000-0000-0000-000000000006',
    '90000000-0000-0000-0000-000000000002',
    null,
    'gp',
    'Dr. Lejeune',
    '+32 2 765 43 21',
    null,
    false,
    true
  ),
  (
    '91000000-0000-0000-0000-000000000007',
    '90000000-0000-0000-0000-000000000003',
    (select id from public.profiles where role = 'coordinator' order by created_at, id limit 1),
    'coordinator',
    'Coordinateur HAD Bruxelles',
    null,
    null,
    true,
    true
  ),
  (
    '91000000-0000-0000-0000-000000000008',
    '90000000-0000-0000-0000-000000000003',
    (select id from public.profiles where role = 'nurse' order by created_at, id limit 1),
    'nurse',
    'Infirmier post-op',
    null,
    null,
    true,
    true
  ),
  (
    '91000000-0000-0000-0000-000000000009',
    '90000000-0000-0000-0000-000000000003',
    null,
    'hospital_case_manager',
    'Case manager orthopédie Brugmann',
    null,
    null,
    false,
    true
  )
on conflict (id) do update
set
  episode_id = excluded.episode_id,
  profile_id = excluded.profile_id,
  role = excluded.role,
  external_name = excluded.external_name,
  external_phone = excluded.external_phone,
  external_email = excluded.external_email,
  is_primary = excluded.is_primary,
  receives_alerts = excluded.receives_alerts,
  updated_at = timezone('utc', now());

insert into public.had_eligibility_assessments (
  id,
  episode_id,
  assessed_by,
  assessed_at,
  clinical_stability,
  requires_24_7_monitoring,
  needs_immediate_technical_platform,
  home_environment_adequate,
  patient_consent_obtained,
  gp_informed,
  caregiver_available,
  logistics_ready,
  caregiver_burden_risk,
  result,
  blockers,
  recommendations,
  notes
)
values
  (
    '92000000-0000-0000-0000-000000000001',
    '90000000-0000-0000-0000-000000000001',
    (select id from public.profiles where role = 'coordinator' order by created_at, id limit 1),
    '2026-03-06T12:40:00+01:00',
    true,
    false,
    false,
    true,
    true,
    true,
    null,
    true,
    false,
    'eligible_with_conditions',
    '["surveillance douleur J2"]'::jsonb,
    '{"same_day_actions":["température 18h","appel infirmier 19h"],"safety_net":{"feverAbove":38,"painAbove":6}}'::jsonb,
    'OPAT possible avec check-in téléphonique le soir.'
  ),
  (
    '92000000-0000-0000-0000-000000000002',
    '90000000-0000-0000-0000-000000000002',
    (select id from public.profiles where role = 'coordinator' order by created_at, id limit 1),
    '2026-03-06T09:20:00+01:00',
    true,
    false,
    true,
    true,
    true,
    true,
    true,
    true,
    false,
    'eligible_with_conditions',
    '["+2,1 kg/24 h", "surveillance rapprochée 48 h"]'::jsonb,
    '{"same_day_actions":["visite infirmière supplémentaire","appel cardiologue"],"alert_thresholds":{"weightKgGain24h":2,"spo2Below":94}}'::jsonb,
    'Nécessite revue quotidienne et adaptation diurétique rapide.'
  ),
  (
    '92000000-0000-0000-0000-000000000003',
    '90000000-0000-0000-0000-000000000003',
    (select id from public.profiles where role = 'coordinator' order by created_at, id limit 1),
    '2026-03-07T09:05:00+01:00',
    true,
    false,
    false,
    true,
    true,
    false,
    null,
    false,
    false,
    'eligible_with_conditions',
    '["déambulateur non livré", "éducation mobilisation à finaliser"]'::jsonb,
    '{"before_activation":["livrer déambulateur","confirmer première visite infirmière"],"patient_education":["transferts sécurisés","prévention chute"]}'::jsonb,
    'Activation complète dès réception du matériel.'
  )
on conflict (id) do update
set
  episode_id = excluded.episode_id,
  assessed_by = excluded.assessed_by,
  assessed_at = excluded.assessed_at,
  clinical_stability = excluded.clinical_stability,
  requires_24_7_monitoring = excluded.requires_24_7_monitoring,
  needs_immediate_technical_platform = excluded.needs_immediate_technical_platform,
  home_environment_adequate = excluded.home_environment_adequate,
  patient_consent_obtained = excluded.patient_consent_obtained,
  gp_informed = excluded.gp_informed,
  caregiver_available = excluded.caregiver_available,
  logistics_ready = excluded.logistics_ready,
  caregiver_burden_risk = excluded.caregiver_burden_risk,
  result = excluded.result,
  blockers = excluded.blockers,
  recommendations = excluded.recommendations,
  notes = excluded.notes,
  updated_at = timezone('utc', now());

insert into public.had_care_plans (
  id,
  episode_id,
  version,
  status,
  protocol_slug,
  summary,
  monitoring_plan,
  escalation_rules,
  discharge_criteria,
  review_frequency_hours,
  next_review_at,
  created_by,
  approved_by,
  approved_at
)
values
  (
    '93000000-0000-0000-0000-000000000001',
    '90000000-0000-0000-0000-000000000001',
    1,
    'active',
    'opat-ceftriaxone-daily',
    'Ceftriaxone IV 1x/j + contrôle douleur/température + surveillance du cathéter.',
    '{"patient":["température 18h","douleur 18h"],"nurse":["perfusion quotidienne","check point de ponction"],"round":"08:00"}'::jsonb,
    '{"temperatureAbove":38,"painAbove":6,"lineConcern":"call_nurse"}'::jsonb,
    '["48 h apyrétique","douleur contrôlée","fin antibiothérapie IV"]'::jsonb,
    24,
    '2026-03-08T08:30:00+01:00',
    (select id from public.profiles where role = 'coordinator' order by created_at, id limit 1),
    (select id from public.profiles where role = 'coordinator' order by created_at, id limit 1),
    '2026-03-06T13:00:00+01:00'
  ),
  (
    '93000000-0000-0000-0000-000000000002',
    '90000000-0000-0000-0000-000000000002',
    1,
    'active',
    'hf-virtual-ward-diuretic-escalation',
    'Pesée quotidienne, SpO₂ biquotidienne et adaptation diurétique selon ronde.',
    '{"patient":["poids 06h30","SpO₂ 06h30 et 18h00"],"nurse":["revue symptômes","contrôle œdèmes"],"round":"06:45"}'::jsonb,
    '{"weightGain24h":2,"spo2Below":94,"dyspnea":"urgent_nurse_visit"}'::jsonb,
    '["poids stable 72 h","dyspnée revenue au niveau basal","aucune alerte critique 48 h"]'::jsonb,
    12,
    '2026-03-07T18:00:00+01:00',
    (select id from public.profiles where role = 'coordinator' order by created_at, id limit 1),
    (select id from public.profiles where role = 'coordinator' order by created_at, id limit 1),
    '2026-03-06T09:30:00+01:00'
  ),
  (
    '93000000-0000-0000-0000-000000000003',
    '90000000-0000-0000-0000-000000000003',
    1,
    'draft',
    'post-op-hip-home-transition',
    'Préparer mobilisation, antalgie, prévention chute et validation matériel.',
    '{"patient":["consignes lever/coucher"],"nurse":["évaluation douleur","sécurisation domicile"],"round":"09:15"}'::jsonb,
    '{"fallRisk":"confirm_device_delivery","painAbove":6,"feverAbove":38}'::jsonb,
    '["matériel en place","mobilisation sécurisée","douleur contrôlée"]'::jsonb,
    24,
    '2026-03-07T18:00:00+01:00',
    (select id from public.profiles where role = 'coordinator' order by created_at, id limit 1),
    null,
    null
  )
on conflict (id) do update
set
  episode_id = excluded.episode_id,
  version = excluded.version,
  status = excluded.status,
  protocol_slug = excluded.protocol_slug,
  summary = excluded.summary,
  monitoring_plan = excluded.monitoring_plan,
  escalation_rules = excluded.escalation_rules,
  discharge_criteria = excluded.discharge_criteria,
  review_frequency_hours = excluded.review_frequency_hours,
  next_review_at = excluded.next_review_at,
  created_by = excluded.created_by,
  approved_by = excluded.approved_by,
  approved_at = excluded.approved_at,
  updated_at = timezone('utc', now());

insert into public.had_medication_orders (
  id,
  episode_id,
  care_plan_id,
  line_number,
  medication_name,
  dose,
  route,
  frequency,
  administration_instructions,
  requires_nurse,
  supplier,
  status,
  start_at,
  end_at,
  next_due_at,
  last_administered_at
)
values
  (
    '94000000-0000-0000-0000-000000000001',
    '90000000-0000-0000-0000-000000000001',
    '93000000-0000-0000-0000-000000000001',
    1,
    'Ceftriaxone',
    '2 g',
    'IV',
    '1x/j',
    'Perfusion lente via voie périphérique, rinçage NaCl avant/après.',
    true,
    'hospital_pharmacy',
    'active',
    '2026-03-06T18:00:00+01:00',
    '2026-03-10T18:00:00+01:00',
    '2026-03-07T18:00:00+01:00',
    '2026-03-06T18:20:00+01:00'
  ),
  (
    '94000000-0000-0000-0000-000000000002',
    '90000000-0000-0000-0000-000000000001',
    '93000000-0000-0000-0000-000000000001',
    2,
    'Paracétamol',
    '1 g',
    'PO',
    'q8h PRN',
    'À prendre si douleur > 3/10.',
    false,
    'community_pharmacy',
    'active',
    '2026-03-06T18:00:00+01:00',
    null,
    '2026-03-07T14:00:00+01:00',
    '2026-03-07T06:15:00+01:00'
  ),
  (
    '94000000-0000-0000-0000-000000000003',
    '90000000-0000-0000-0000-000000000002',
    '93000000-0000-0000-0000-000000000002',
    1,
    'Furosémide',
    '40 mg',
    'PO',
    '1x matin',
    'Réévaluer la dose après la ronde de 18 h.',
    false,
    'community_pharmacy',
    'active',
    '2026-03-06T10:00:00+01:00',
    null,
    '2026-03-08T08:00:00+01:00',
    '2026-03-07T08:10:00+01:00'
  ),
  (
    '94000000-0000-0000-0000-000000000004',
    '90000000-0000-0000-0000-000000000002',
    '93000000-0000-0000-0000-000000000002',
    2,
    'Spironolactone',
    '25 mg',
    'PO',
    '1x/j',
    'Surveiller la tension et les symptômes orthostatiques.',
    false,
    'community_pharmacy',
    'active',
    '2026-03-06T10:00:00+01:00',
    null,
    '2026-03-08T08:00:00+01:00',
    '2026-03-07T08:10:00+01:00'
  ),
  (
    '94000000-0000-0000-0000-000000000005',
    '90000000-0000-0000-0000-000000000003',
    '93000000-0000-0000-0000-000000000003',
    1,
    'Enoxaparine',
    '40 mg',
    'SC',
    '1x/j',
    'Première injection le soir de la sortie si installation sécurisée.',
    true,
    'hospital_pharmacy',
    'planned',
    '2026-03-07T20:00:00+01:00',
    '2026-03-13T20:00:00+01:00',
    '2026-03-07T20:00:00+01:00',
    null
  )
on conflict (id) do update
set
  episode_id = excluded.episode_id,
  care_plan_id = excluded.care_plan_id,
  line_number = excluded.line_number,
  medication_name = excluded.medication_name,
  dose = excluded.dose,
  route = excluded.route,
  frequency = excluded.frequency,
  administration_instructions = excluded.administration_instructions,
  requires_nurse = excluded.requires_nurse,
  supplier = excluded.supplier,
  status = excluded.status,
  start_at = excluded.start_at,
  end_at = excluded.end_at,
  next_due_at = excluded.next_due_at,
  last_administered_at = excluded.last_administered_at,
  updated_at = timezone('utc', now());

update public.visits
set had_episode_id = '90000000-0000-0000-0000-000000000001'
where id = 'aaaaaaaa-aaaa-aaaa-aaaa-aaaaaaaaaaaa';

insert into public.visits (
  id,
  patient_id,
  nurse_id,
  had_episode_id,
  scheduled_start,
  scheduled_end,
  status,
  notes,
  signature,
  completed_at
)
values
  (
    'dddddddd-dddd-dddd-dddd-dddddddddddd',
    '11111111-1111-1111-1111-111111111111',
    (select id from public.profiles where role = 'nurse' order by created_at, id limit 1),
    '90000000-0000-0000-0000-000000000001',
    '2026-03-07T08:00:00+01:00',
    '2026-03-07T08:35:00+01:00',
    'completed',
    'Perfusion OPAT réalisée, point de ponction propre, douleur contrôlée.',
    'signature-had-opat',
    '2026-03-07T08:35:00+01:00'
  ),
  (
    'bbbbbbbb-bbbb-bbbb-bbbb-bbbbbbbbbbbb',
    '22222222-2222-2222-2222-222222222222',
    (select id from public.profiles where role = 'nurse' order by created_at, id limit 1),
    '90000000-0000-0000-0000-000000000002',
    '2026-03-07T11:30:00+01:00',
    '2026-03-07T12:00:00+01:00',
    'planned',
    'Visite de contrôle poids, saturation, œdèmes et réponse au diurétique.',
    null,
    null
  ),
  (
    'cccccccc-cccc-cccc-cccc-cccccccccccc',
    '44444444-4444-4444-4444-444444444444',
    (select id from public.profiles where role = 'nurse' order by created_at, id limit 1),
    '90000000-0000-0000-0000-000000000003',
    '2026-03-07T14:30:00+01:00',
    '2026-03-07T15:15:00+01:00',
    'planned',
    'Première visite post-op à domicile, validation mobilisation et matériel.',
    null,
    null
  )
on conflict (id) do update
set
  patient_id = excluded.patient_id,
  nurse_id = excluded.nurse_id,
  had_episode_id = excluded.had_episode_id,
  scheduled_start = excluded.scheduled_start,
  scheduled_end = excluded.scheduled_end,
  status = excluded.status,
  notes = excluded.notes,
  signature = excluded.signature,
  completed_at = excluded.completed_at,
  updated_at = timezone('utc', now());

insert into public.had_rounds (
  id,
  episode_id,
  round_at,
  recorded_by,
  risk_score,
  summary,
  overnight_events,
  recommendation,
  decision,
  decision_reason,
  next_round_at
)
values
  (
    '95000000-0000-0000-0000-000000000001',
    '90000000-0000-0000-0000-000000000001',
    '2026-03-07T08:05:00+01:00',
    (select id from public.profiles where role = 'nurse' order by created_at, id limit 1),
    28,
    'Constantes stables, pas de fièvre, perfusion bien tolérée.',
    'Nuit calme, sommeil préservé, douleur maximale 3/10.',
    'Poursuivre OPAT et appel infirmier à 19 h après auto-mesure.',
    'continue_episode',
    null,
    '2026-03-08T08:00:00+01:00'
  ),
  (
    '95000000-0000-0000-0000-000000000002',
    '90000000-0000-0000-0000-000000000002',
    '2026-03-07T06:40:00+01:00',
    (select id from public.profiles where role = 'nurse' order by created_at, id limit 1),
    82,
    'Prise de poids et dyspnée légère au réveil, épisode reclassé à haut risque.',
    'Patient a dormi semi-assis sur trois oreillers, fatigue au lever.',
    'Visite infirmière supplémentaire avant midi et appel cardiologie.',
    'adapt_plan',
    'Poids +2,1 kg/24 h et SpO₂ basse au repos.',
    '2026-03-07T14:00:00+01:00'
  ),
  (
    '95000000-0000-0000-0000-000000000003',
    '90000000-0000-0000-0000-000000000003',
    '2026-03-07T09:20:00+01:00',
    (select id from public.profiles where role = 'coordinator' order by created_at, id limit 1),
    41,
    'Sortie validée mais matériel non livré, activation complète différée.',
    'Retour au domicile sans incident la veille.',
    'Confirmer la livraison du déambulateur avant la première mobilisation.',
    'adapt_plan',
    'Matériel d’aide à la marche manquant.',
    '2026-03-08T09:00:00+01:00'
  )
on conflict (id) do update
set
  episode_id = excluded.episode_id,
  round_at = excluded.round_at,
  recorded_by = excluded.recorded_by,
  risk_score = excluded.risk_score,
  summary = excluded.summary,
  overnight_events = excluded.overnight_events,
  recommendation = excluded.recommendation,
  decision = excluded.decision,
  decision_reason = excluded.decision_reason,
  next_round_at = excluded.next_round_at,
  updated_at = timezone('utc', now());

insert into public.had_measurements (
  id,
  episode_id,
  visit_id,
  captured_by_profile_id,
  source,
  measurement_type,
  value_numeric,
  value_text,
  unit,
  threshold_state,
  recorded_at,
  notes
)
values
  (
    '96000000-0000-0000-0000-000000000001',
    '90000000-0000-0000-0000-000000000001',
    'dddddddd-dddd-dddd-dddd-dddddddddddd',
    (select id from public.profiles where role = 'nurse' order by created_at, id limit 1),
    'nurse',
    'temperature',
    37.1,
    null,
    '°C',
    'ok',
    '2026-03-07T08:02:00+01:00',
    'Température stable avant perfusion.'
  ),
  (
    '96000000-0000-0000-0000-000000000002',
    '90000000-0000-0000-0000-000000000001',
    null,
    null,
    'patient',
    'pain',
    3,
    null,
    '/10',
    'warning',
    '2026-03-07T18:10:00+01:00',
    'Sensibilité légère au point de ponction.'
  ),
  (
    '96000000-0000-0000-0000-000000000003',
    '90000000-0000-0000-0000-000000000002',
    null,
    null,
    'patient',
    'weight',
    79.4,
    null,
    'kg',
    'critical',
    '2026-03-07T06:15:00+01:00',
    'Hausse de poids vs veille.'
  ),
  (
    '96000000-0000-0000-0000-000000000004',
    '90000000-0000-0000-0000-000000000002',
    null,
    null,
    'patient',
    'oxygen_saturation',
    93,
    null,
    '%',
    'warning',
    '2026-03-07T06:20:00+01:00',
    'Mesure prise au réveil, avant médication.'
  ),
  (
    '96000000-0000-0000-0000-000000000005',
    '90000000-0000-0000-0000-000000000003',
    null,
    null,
    'nurse',
    'pain',
    4,
    null,
    '/10',
    'ok',
    '2026-03-07T15:05:00+01:00',
    'Douleur postopératoire contrôlée avant la première mobilisation.'
  )
on conflict (id) do update
set
  episode_id = excluded.episode_id,
  visit_id = excluded.visit_id,
  captured_by_profile_id = excluded.captured_by_profile_id,
  source = excluded.source,
  measurement_type = excluded.measurement_type,
  value_numeric = excluded.value_numeric,
  value_text = excluded.value_text,
  unit = excluded.unit,
  threshold_state = excluded.threshold_state,
  recorded_at = excluded.recorded_at,
  notes = excluded.notes,
  updated_at = timezone('utc', now());

insert into public.had_alerts (
  id,
  episode_id,
  measurement_id,
  severity,
  status,
  title,
  description,
  assigned_to_profile_id,
  created_by,
  acknowledged_by,
  acknowledged_at,
  resolved_at,
  resolution_note
)
values
  (
    '97000000-0000-0000-0000-000000000001',
    '90000000-0000-0000-0000-000000000001',
    '96000000-0000-0000-0000-000000000002',
    'warning',
    'acknowledged',
    'Douleur post-perfusion à surveiller',
    'EVA 3/10 en soirée, recontacter si majoration ou rougeur au point de ponction.',
    (select id from public.profiles where role = 'coordinator' order by created_at, id limit 1),
    (select id from public.profiles where role = 'coordinator' order by created_at, id limit 1),
    (select id from public.profiles where role = 'coordinator' order by created_at, id limit 1),
    '2026-03-07T18:15:00+01:00',
    null,
    null
  ),
  (
    '97000000-0000-0000-0000-000000000002',
    '90000000-0000-0000-0000-000000000002',
    '96000000-0000-0000-0000-000000000003',
    'critical',
    'open',
    'Prise de poids > 2 kg / 24 h',
    '79,4 kg ce matin (+2,1 kg). Vérifier réponse diurétique et œdèmes.',
    (select id from public.profiles where role = 'coordinator' order by created_at, id limit 1),
    (select id from public.profiles where role = 'coordinator' order by created_at, id limit 1),
    null,
    null,
    null,
    null
  ),
  (
    '97000000-0000-0000-0000-000000000003',
    '90000000-0000-0000-0000-000000000002',
    '96000000-0000-0000-0000-000000000004',
    'warning',
    'open',
    'SpO₂ basse au repos',
    'SpO₂ 93 % au réveil. Refaire mesure après mobilisation douce et traitement.',
    (select id from public.profiles where role = 'coordinator' order by created_at, id limit 1),
    (select id from public.profiles where role = 'coordinator' order by created_at, id limit 1),
    null,
    null,
    null,
    null
  ),
  (
    '97000000-0000-0000-0000-000000000004',
    '90000000-0000-0000-0000-000000000003',
    null,
    'info',
    'open',
    'Livraison du déambulateur à confirmer',
    'Matériel attendu avant la première mobilisation sécurisée au domicile.',
    (select id from public.profiles where role = 'coordinator' order by created_at, id limit 1),
    (select id from public.profiles where role = 'coordinator' order by created_at, id limit 1),
    null,
    null,
    null,
    null
  )
on conflict (id) do update
set
  episode_id = excluded.episode_id,
  measurement_id = excluded.measurement_id,
  severity = excluded.severity,
  status = excluded.status,
  title = excluded.title,
  description = excluded.description,
  assigned_to_profile_id = excluded.assigned_to_profile_id,
  created_by = excluded.created_by,
  acknowledged_by = excluded.acknowledged_by,
  acknowledged_at = excluded.acknowledged_at,
  resolved_at = excluded.resolved_at,
  resolution_note = excluded.resolution_note,
  updated_at = timezone('utc', now());

insert into public.had_tasks (
  id,
  episode_id,
  linked_alert_id,
  owner_kind,
  owner_profile_id,
  owner_external_label,
  visibility,
  status,
  task_type,
  title,
  description,
  due_at,
  completed_at,
  completed_by_profile_id,
  created_by
)
values
  (
    '98000000-0000-0000-0000-000000000001',
    '90000000-0000-0000-0000-000000000001',
    null,
    'patient',
    null,
    null,
    'both',
    'todo',
    'measurement',
    'Mesurer votre température en fin de journée',
    'Prenez la température avant l’appel infirmier du soir.',
    '2026-03-07T18:00:00+01:00',
    null,
    null,
    (select id from public.profiles where role = 'coordinator' order by created_at, id limit 1)
  ),
  (
    '98000000-0000-0000-0000-000000000002',
    '90000000-0000-0000-0000-000000000001',
    null,
    'patient',
    null,
    null,
    'both',
    'todo',
    'medication',
    'Confirmer la perfusion terminée',
    'Vérifiez que la perfusion est terminée et que le point de ponction reste sec.',
    '2026-03-07T20:30:00+01:00',
    null,
    null,
    (select id from public.profiles where role = 'coordinator' order by created_at, id limit 1)
  ),
  (
    '98000000-0000-0000-0000-000000000003',
    '90000000-0000-0000-0000-000000000001',
    '97000000-0000-0000-0000-000000000001',
    'nurse',
    null,
    'Infirmier HAD de garde',
    'staff',
    'in_progress',
    'call',
    'Appeler Marie si douleur > 5/10',
    'Recontacter le patient après la mesure du soir si aggravation.',
    '2026-03-07T19:00:00+01:00',
    null,
    null,
    (select id from public.profiles where role = 'coordinator' order by created_at, id limit 1)
  ),
  (
    '98000000-0000-0000-0000-000000000004',
    '90000000-0000-0000-0000-000000000002',
    '97000000-0000-0000-0000-000000000002',
    'coordinator',
    (select id from public.profiles where role = 'coordinator' order by created_at, id limit 1),
    'Coordinateur HAD Bruxelles',
    'staff',
    'todo',
    'call',
    'Appeler cardiologie de liaison',
    'Valider l’adaptation diurétique et le plan de surveillance du jour.',
    '2026-03-07T09:00:00+01:00',
    null,
    null,
    (select id from public.profiles where role = 'coordinator' order by created_at, id limit 1)
  ),
  (
    '98000000-0000-0000-0000-000000000005',
    '90000000-0000-0000-0000-000000000002',
    '97000000-0000-0000-0000-000000000003',
    'nurse',
    null,
    'Infirmier de garde',
    'staff',
    'todo',
    'visit',
    'Ajouter une visite de contrôle avant midi',
    'Contrôler œdèmes, saturation et réponse à la dose de diurétique.',
    '2026-03-07T11:30:00+01:00',
    null,
    null,
    (select id from public.profiles where role = 'coordinator' order by created_at, id limit 1)
  ),
  (
    '98000000-0000-0000-0000-000000000006',
    '90000000-0000-0000-0000-000000000003',
    '97000000-0000-0000-0000-000000000004',
    'logistics',
    null,
    'Plateforme logistique',
    'staff',
    'todo',
    'delivery',
    'Confirmer la livraison du déambulateur',
    'Vérifier le tracking transporteur avant la première visite post-op.',
    '2026-03-07T12:30:00+01:00',
    null,
    null,
    (select id from public.profiles where role = 'coordinator' order by created_at, id limit 1)
  )
on conflict (id) do update
set
  episode_id = excluded.episode_id,
  linked_alert_id = excluded.linked_alert_id,
  owner_kind = excluded.owner_kind,
  owner_profile_id = excluded.owner_profile_id,
  owner_external_label = excluded.owner_external_label,
  visibility = excluded.visibility,
  status = excluded.status,
  task_type = excluded.task_type,
  title = excluded.title,
  description = excluded.description,
  due_at = excluded.due_at,
  completed_at = excluded.completed_at,
  completed_by_profile_id = excluded.completed_by_profile_id,
  created_by = excluded.created_by,
  updated_at = timezone('utc', now());

insert into public.had_logistics_items (
  id,
  episode_id,
  item_type,
  label,
  quantity,
  unit,
  supplier,
  cold_chain_required,
  status,
  scheduled_for,
  completed_at,
  tracking_reference,
  notes
)
values
  (
    '99000000-0000-0000-0000-000000000001',
    '90000000-0000-0000-0000-000000000001',
    'pump',
    'Pompe élastomérique ceftriaxone',
    1,
    'pièce',
    'Pharmacie hospitalière Saint-Pierre',
    true,
    'delivered',
    '2026-03-06T17:00:00+01:00',
    '2026-03-06T17:25:00+01:00',
    'SP-LOG-1142',
    'Livrée avec protocole de pose et consommables.'
  ),
  (
    '99000000-0000-0000-0000-000000000002',
    '90000000-0000-0000-0000-000000000001',
    'consumable',
    'Kit pansement + seringues NaCl',
    1,
    'kit',
    'Pharmacie hospitalière Saint-Pierre',
    false,
    'delivered',
    '2026-03-07T07:30:00+01:00',
    '2026-03-07T08:10:00+01:00',
    'SP-LOG-1155',
    'Stock suffisant pour 72 h.'
  ),
  (
    '99000000-0000-0000-0000-000000000003',
    '90000000-0000-0000-0000-000000000002',
    'device',
    'Balance connectée + saturomètre',
    1,
    'set',
    'Plateforme cardiologie Erasme',
    false,
    'delivered',
    '2026-03-06T20:00:00+01:00',
    '2026-03-06T20:25:00+01:00',
    'ERA-HF-SET-22',
    'Appareil déjà installé et testé avec l’aidant.'
  ),
  (
    '99000000-0000-0000-0000-000000000004',
    '90000000-0000-0000-0000-000000000003',
    'device',
    'Déambulateur 2 roues',
    1,
    'pièce',
    'Brugmann Mobility',
    false,
    'in_transit',
    '2026-03-07T12:00:00+01:00',
    null,
    'BRUG-ORTHO-88',
    'Matériel indispensable avant mobilisation autonome.'
  ),
  (
    '99000000-0000-0000-0000-000000000005',
    '90000000-0000-0000-0000-000000000003',
    'consumable',
    'Kit pansement post-op J1-J3',
    1,
    'kit',
    'Brugmann Mobility',
    false,
    'ready',
    '2026-03-07T14:00:00+01:00',
    null,
    'BRUG-ORTHO-89',
    'À remettre lors de la première visite infirmière.'
  )
on conflict (id) do update
set
  episode_id = excluded.episode_id,
  item_type = excluded.item_type,
  label = excluded.label,
  quantity = excluded.quantity,
  unit = excluded.unit,
  supplier = excluded.supplier,
  cold_chain_required = excluded.cold_chain_required,
  status = excluded.status,
  scheduled_for = excluded.scheduled_for,
  completed_at = excluded.completed_at,
  tracking_reference = excluded.tracking_reference,
  notes = excluded.notes,
  updated_at = timezone('utc', now());
